<application>
  <component name="FindSettings">
    <option name="customScope" value="All Places" />
    <option name="defaultScopeName" value="All Places" />
    <option name="SEARCH_SCOPE" value="All Places" />
    <mask>*.properties</mask>
    <mask>*.html</mask>
    <mask>*.jsp</mask>
    <mask>*.js</mask>
    <mask>*.as</mask>
    <mask>*.css</mask>
    <mask>*.mxml</mask>
    <mask>xml</mask>
    <mask>*analytics.kt</mask>
    <mask>*test.*</mask>
    <mask>*fragment*</mask>
    <mask>*activity.kt</mask>
    <mask>*.xml</mask>
    <mask>*rule*</mask>
    <mask>*.java</mask>
    <mask>*java</mask>
    <mask>*.kt</mask>
    <mask>*model.*kt</mask>
    <mask>*gradle*</mask>
    <mask>*model*kt</mask>
    <mask>*sensor*</mask>
    <mask>*detailview*</mask>
    <mask>*xml</mask>
    <mask>*kt</mask>
  </component>
</application>