<application>
  <component name="KeyPromoterXStatistic">
    <option name="statistics">
      <Statistic Action="Add">
        <Item>
          <IdeaActionID>Git.Add</IdeaActionID>
          <ShortCut>'⌥⌘A'</ShortCut>
          <Description>Add</Description>
          <Count>1</Count>
        </Item>
      </Statistic>
      <Statistic Action="Back">
        <Item>
          <IdeaActionID>Back</IdeaActionID>
          <ShortCut>'⌘[' or '⌥⌘←' or 'Button4 Click'</ShortCut>
          <Description>Back</Description>
          <Count>20</Count>
        </Item>
      </Statistic>
      <Statistic Action="Change Signature...">
        <Item>
          <IdeaActionID>ChangeSignature</IdeaActionID>
          <ShortCut>'⌘F6'</ShortCut>
          <Description>Change Signature...</Description>
          <Count>8</Count>
        </Item>
      </Statistic>
      <Statistic Action="Close">
        <Item>
          <IdeaActionID>CloseContent</IdeaActionID>
          <ShortCut>'⌘W'</ShortCut>
          <Description>Close</Description>
          <Count>3</Count>
        </Item>
      </Statistic>
      <Statistic Action="Compare">
        <Item>
          <IdeaActionID>Diff.ShowDiff</IdeaActionID>
          <ShortCut>'⌘D'</ShortCut>
          <Description>Compare</Description>
          <Count>13</Count>
        </Item>
      </Statistic>
      <Statistic Action="Convert Java File to Kotlin File">
        <Item>
          <IdeaActionID>ConvertJavaToKotlin</IdeaActionID>
          <ShortCut>'⌥⇧⌘K'</ShortCut>
          <Description>Convert Java File to Kotlin File</Description>
          <Count>13</Count>
        </Item>
      </Statistic>
      <Statistic Action="Copy">
        <Item>
          <IdeaActionID>$Copy</IdeaActionID>
          <ShortCut>'⌘C'</ShortCut>
          <Description>Copy</Description>
          <Count>4</Count>
        </Item>
      </Statistic>
      <Statistic Action="Copy Reference">
        <Item>
          <IdeaActionID>CopyReference</IdeaActionID>
          <ShortCut>'⌥⇧⌘C'</ShortCut>
          <Description>Copy Reference</Description>
          <Count>2</Count>
        </Item>
      </Statistic>
      <Statistic Action="Debug">
        <Item>
          <IdeaActionID>ActivateDebugToolWindow</IdeaActionID>
          <ShortCut>'⌘5'</ShortCut>
          <Description>Debug</Description>
          <Count>34</Count>
        </Item>
      </Statistic>
      <Statistic Action="Debug 'AcceleratedAlarmViewModelTest.init retrieves monitoring state if not passed in'">
        <Item>
          <IdeaActionID>Debug</IdeaActionID>
          <ShortCut>'⌃D'</ShortCut>
          <Description>Debug 'AcceleratedAlarmViewModelTest.init retrieves monitoring state if not passed in'</Description>
          <Count>2</Count>
        </Item>
      </Statistic>
      <Statistic Action="Debug 'AssetDeviceServiceV2Test.getDeviceAndOb…roperly emits changes and initial device'">
        <Item>
          <IdeaActionID>Debug</IdeaActionID>
          <ShortCut>'⌃D'</ShortCut>
          <Description>Debug 'AssetDeviceServiceV2Test.getDeviceAndOb…roperly emits changes and initial device'</Description>
          <Count>2</Count>
        </Item>
      </Statistic>
      <Statistic Action="Debug 'RingAndroid'">
        <Item>
          <IdeaActionID>Debug</IdeaActionID>
          <ShortCut>'⌃D'</ShortCut>
          <Description>Debug 'RingAndroid'</Description>
          <Count>1</Count>
        </Item>
      </Statistic>
      <Statistic Action="Debug 'SecurityPanelDeviceDocV2ExtensionsTest.…panel with multiple returns them in list'">
        <Item>
          <IdeaActionID>Debug</IdeaActionID>
          <ShortCut>'⌃D'</ShortCut>
          <Description>Debug 'SecurityPanelDeviceDocV2ExtensionsTest.…panel with multiple returns them in list'</Description>
          <Count>4</Count>
        </Item>
      </Statistic>
      <Statistic Action="Debug 'app'">
        <Item>
          <IdeaActionID>Debug</IdeaActionID>
          <ShortCut>'⌃D'</ShortCut>
          <Description>Debug 'app'</Description>
          <Count>1</Count>
        </Item>
      </Statistic>
      <Statistic Action="Debug 'attempting dispatc...()'">
        <Item>
          <IdeaActionID>DebugClass</IdeaActionID>
          <ShortCut>'⌃⇧D'</ShortCut>
          <Description>Debug 'attempting dispatc...()'</Description>
          <Count>1</Count>
        </Item>
      </Statistic>
      <Statistic Action="Debug 'changeMode_noMonit...()'">
        <Item>
          <IdeaActionID>DebugClass</IdeaActionID>
          <ShortCut>'⌃⇧D'</ShortCut>
          <Description>Debug 'changeMode_noMonit...()'</Description>
          <Count>4</Count>
        </Item>
      </Statistic>
      <Statistic Action="Debug 'duress thing()'">
        <Item>
          <IdeaActionID>DebugClass</IdeaActionID>
          <ShortCut>'⌃⇧D'</ShortCut>
          <Description>Debug 'duress thing()'</Description>
          <Count>5</Count>
        </Item>
      </Statistic>
      <Statistic Action="Debug 'fire dispatch atte...()'">
        <Item>
          <IdeaActionID>DebugClass</IdeaActionID>
          <ShortCut>'⌃⇧D'</ShortCut>
          <Description>Debug 'fire dispatch atte...()'</Description>
          <Count>9</Count>
        </Item>
      </Statistic>
      <Statistic Action="Debug 'get monitoring acc...()'">
        <Item>
          <IdeaActionID>DebugClass</IdeaActionID>
          <ShortCut>'⌃⇧D'</ShortCut>
          <Description>Debug 'get monitoring acc...()'</Description>
          <Count>1</Count>
        </Item>
      </Statistic>
      <Statistic Action="Debug 'initial state is m...()'">
        <Item>
          <IdeaActionID>DebugClass</IdeaActionID>
          <ShortCut>'⌃⇧D'</ShortCut>
          <Description>Debug 'initial state is m...()'</Description>
          <Count>3</Count>
        </Item>
      </Statistic>
      <Statistic Action="Debug 'resume_disallowTwo...()'">
        <Item>
          <IdeaActionID>DebugClass</IdeaActionID>
          <ShortCut>'⌃⇧D'</ShortCut>
          <Description>Debug 'resume_disallowTwo...()'</Description>
          <Count>2</Count>
        </Item>
      </Statistic>
      <Statistic Action="Delete...">
        <Item>
          <IdeaActionID>$Delete</IdeaActionID>
          <ShortCut>'⌦' or '⌫' or '⌘⌫'</ShortCut>
          <Description>Delete...</Description>
          <Count>3</Count>
        </Item>
      </Statistic>
      <Statistic Action="Duplicate Watch">
        <Item>
          <IdeaActionID>XDebugger.CopyWatch</IdeaActionID>
          <ShortCut>'⌘D'</ShortCut>
          <Description>Duplicate Watch</Description>
          <Count>1</Count>
        </Item>
      </Statistic>
      <Statistic Action="Edit...">
        <Item>
          <IdeaActionID>XDebugger.EditWatch</IdeaActionID>
          <ShortCut>'F2'</ShortCut>
          <Description>Edit...</Description>
          <Count>5</Count>
        </Item>
      </Statistic>
      <Statistic Action="Evaluate Expression...">
        <Item>
          <IdeaActionID>EvaluateExpression</IdeaActionID>
          <ShortCut>'⌥F8'</ShortCut>
          <Description>Evaluate Expression...</Description>
          <Count>97</Count>
        </Item>
      </Statistic>
      <Statistic Action="Exclude">
        <Item>
          <IdeaActionID>UsageView.Exclude</IdeaActionID>
          <ShortCut>'⌦' or '⌫' or '⌘⌫'</ShortCut>
          <Description>Exclude</Description>
          <Count>6</Count>
        </Item>
      </Statistic>
      <Statistic Action="Find">
        <Item>
          <IdeaActionID>ActivateFindToolWindow</IdeaActionID>
          <ShortCut>'⌘3'</ShortCut>
          <Description>Find</Description>
          <Count>9</Count>
        </Item>
      </Statistic>
      <Statistic Action="Find Usages">
        <Item>
          <IdeaActionID>FindUsages</IdeaActionID>
          <ShortCut>'⌥F7'</ShortCut>
          <Description>Find Usages</Description>
          <Count>12</Count>
        </Item>
      </Statistic>
      <Statistic Action="Generate...">
        <Item>
          <IdeaActionID>Generate</IdeaActionID>
          <ShortCut>'⌘N' or '⌃⏎'</ShortCut>
          <Description>Generate...</Description>
          <Count>6</Count>
        </Item>
      </Statistic>
      <Statistic Action="Go to next highlighted element usage">
        <Item>
          <IdeaActionID>GotoNextElementUnderCaretUsage</IdeaActionID>
          <ShortCut>'⌥Wheel down'</ShortCut>
          <Description>Go to next highlighted element usage</Description>
          <Count>1</Count>
        </Item>
      </Statistic>
      <Statistic Action="Go to previous highlighted element usage">
        <Item>
          <IdeaActionID>GotoPrevElementUnderCaretUsage</IdeaActionID>
          <ShortCut>'⌥Wheel up'</ShortCut>
          <Description>Go to previous highlighted element usage</Description>
          <Count>1</Count>
        </Item>
      </Statistic>
      <Statistic Action="Hide All Windows">
        <Item>
          <IdeaActionID>HideAllWindows</IdeaActionID>
          <ShortCut>'⇧⌘F12'</ShortCut>
          <Description>Hide All Windows</Description>
          <Count>9</Count>
        </Item>
      </Statistic>
      <Statistic Action="Implementation(s)">
        <Item>
          <IdeaActionID>GotoImplementation</IdeaActionID>
          <ShortCut>'⌥⌘B' or '⌥⌘Button1 Click'</ShortCut>
          <Description>Implementation(s)</Description>
          <Count>2</Count>
        </Item>
      </Statistic>
      <Statistic Action="Logcat">
        <Item>
          <IdeaActionID>ActivateLogcatToolWindow</IdeaActionID>
          <ShortCut>'⌘6'</ShortCut>
          <Description>Logcat</Description>
          <Count>497</Count>
        </Item>
      </Statistic>
      <Statistic Action="Make Project">
        <Item>
          <IdeaActionID>MakeGradleProject</IdeaActionID>
          <ShortCut>'⌘F9'</ShortCut>
          <Description>Make Project</Description>
          <Count>2</Count>
        </Item>
      </Statistic>
      <Statistic Action="Move Watch Up">
        <Item>
          <IdeaActionID>XDebugger.MoveWatchUp</IdeaActionID>
          <ShortCut>'⌃↑'</ShortCut>
          <Description>Move Watch Up</Description>
          <Count>1</Count>
        </Item>
      </Statistic>
      <Statistic Action="Open Module Settings">
        <Item>
          <IdeaActionID>OpenModuleSettings</IdeaActionID>
          <ShortCut>'⌘↓' or 'F4'</ShortCut>
          <Description>Open Module Settings</Description>
          <Count>3</Count>
        </Item>
      </Statistic>
      <Statistic Action="Paste from History...">
        <Item>
          <IdeaActionID>PasteMultiple</IdeaActionID>
          <ShortCut>'⇧⌘V'</ShortCut>
          <Description>Paste from History...</Description>
          <Count>1</Count>
        </Item>
      </Statistic>
      <Statistic Action="Project">
        <Item>
          <IdeaActionID>ActivateProjectToolWindow</IdeaActionID>
          <ShortCut>'⌘1'</ShortCut>
          <Description>Project</Description>
          <Count>4</Count>
        </Item>
      </Statistic>
      <Statistic Action="Remove">
        <Item>
          <IdeaActionID>UsageView.Remove</IdeaActionID>
          <ShortCut>'⌘X' or '⇧⌦'</ShortCut>
          <Description>Remove</Description>
          <Count>6</Count>
        </Item>
      </Statistic>
      <Statistic Action="Remove Watch">
        <Item>
          <IdeaActionID>XDebugger.RemoveWatch</IdeaActionID>
          <ShortCut>'⌦' or '⌫' or '⌘⌫'</ShortCut>
          <Description>Remove Watch</Description>
          <Count>6</Count>
        </Item>
      </Statistic>
      <Statistic Action="Rename...">
        <Item>
          <IdeaActionID>RenameElement</IdeaActionID>
          <ShortCut>'⇧F6' or '⇧⌘R'</ShortCut>
          <Description>Rename...</Description>
          <Count>1</Count>
        </Item>
      </Statistic>
      <Statistic Action="Restore Windows">
        <Item>
          <IdeaActionID>HideAllWindows</IdeaActionID>
          <ShortCut>'⇧⌘F12'</ShortCut>
          <Description>Restore Windows</Description>
          <Count>6</Count>
        </Item>
      </Statistic>
      <Statistic Action="Resume Program">
        <Item>
          <IdeaActionID>Resume</IdeaActionID>
          <ShortCut>'⌥⌘R' or 'F9'</ShortCut>
          <Description>Resume Program</Description>
          <Count>71</Count>
        </Item>
      </Statistic>
      <Statistic Action="Revert...">
        <Item>
          <IdeaActionID>ChangesView.Revert</IdeaActionID>
          <ShortCut>'⌥⌘Z'</ShortCut>
          <Description>Revert...</Description>
          <Count>46</Count>
        </Item>
      </Statistic>
      <Statistic Action="Run">
        <Item>
          <IdeaActionID>ActivateRunToolWindow</IdeaActionID>
          <ShortCut>'⌘4'</ShortCut>
          <Description>Run</Description>
          <Count>17</Count>
        </Item>
      </Statistic>
      <Statistic Action="Run 'AcceleratedAlarmViewModelTest'">
        <Item>
          <IdeaActionID>Run</IdeaActionID>
          <ShortCut>'⇧⌘X' or '⌃R'</ShortCut>
          <Description>Run 'AcceleratedAlarmViewModelTest'</Description>
          <Count>2</Count>
        </Item>
      </Statistic>
      <Statistic Action="Run 'AedBottomSheetViewModelTest'">
        <Item>
          <IdeaActionID>RunClass</IdeaActionID>
          <ShortCut>'⌃⇧R'</ShortCut>
          <Description>Run 'AedBottomSheetViewModelTest'</Description>
          <Count>2</Count>
        </Item>
      </Statistic>
      <Statistic Action="Run 'AedBottomSheetViewModelTest.retrieve da… successful with professional monitoring'">
        <Item>
          <IdeaActionID>Run</IdeaActionID>
          <ShortCut>'⇧⌘X' or '⌃R'</ShortCut>
          <Description>Run 'AedBottomSheetViewModelTest.retrieve da… successful with professional monitoring'</Description>
          <Count>1</Count>
        </Item>
      </Statistic>
      <Statistic Action="Run 'AssetDeviceServiceV2Test'">
        <Item>
          <IdeaActionID>RunClass</IdeaActionID>
          <ShortCut>'⌃⇧R'</ShortCut>
          <Description>Run 'AssetDeviceServiceV2Test'</Description>
          <Count>1</Count>
        </Item>
      </Statistic>
      <Statistic Action="Run 'MonitoringAccountCacheTest'">
        <Item>
          <IdeaActionID>RunClass</IdeaActionID>
          <ShortCut>'⌃⇧R'</ShortCut>
          <Description>Run 'MonitoringAccountCacheTest'</Description>
          <Count>1</Count>
        </Item>
      </Statistic>
      <Statistic Action="Run 'RingAlarmModesPanelOnlineViewModelTest.changeMode_noMonitorableDevices'">
        <Item>
          <IdeaActionID>Run</IdeaActionID>
          <ShortCut>'⇧⌘X' or '⌃R'</ShortCut>
          <Description>Run 'RingAlarmModesPanelOnlineViewModelTest.changeMode_noMonitorableDevices'</Description>
          <Count>1</Count>
        </Item>
      </Statistic>
      <Statistic Action="Run 'RingAlarmModesPanelOnlineViewModelTest.test'">
        <Item>
          <IdeaActionID>Run</IdeaActionID>
          <ShortCut>'⇧⌘X' or '⌃R'</ShortCut>
          <Description>Run 'RingAlarmModesPanelOnlineViewModelTest.test'</Description>
          <Count>1</Count>
        </Item>
      </Statistic>
      <Statistic Action="Run 'SecurityPanelDeviceDocV2ExtensionsTest'">
        <Item>
          <IdeaActionID>Run</IdeaActionID>
          <ShortCut>'⇧⌘X' or '⌃R'</ShortCut>
          <Description>Run 'SecurityPanelDeviceDocV2ExtensionsTest'</Description>
          <Count>1</Count>
        </Item>
      </Statistic>
      <Statistic Action="Run 'SecurityPanelDeviceDocV2ExtensionsTest.…nel with no reminders returns empty list'">
        <Item>
          <IdeaActionID>Run</IdeaActionID>
          <ShortCut>'⇧⌘X' or '⌃R'</ShortCut>
          <Description>Run 'SecurityPanelDeviceDocV2ExtensionsTest.…nel with no reminders returns empty list'</Description>
          <Count>1</Count>
        </Item>
      </Statistic>
      <Statistic Action="Run 'Tests in 'acceleratedalarm''">
        <Item>
          <IdeaActionID>RunClass</IdeaActionID>
          <ShortCut>'⌃⇧R'</ShortCut>
          <Description>Run 'Tests in 'acceleratedalarm''</Description>
          <Count>1</Count>
        </Item>
      </Statistic>
      <Statistic Action="Run 'Tests in 'java''">
        <Item>
          <IdeaActionID>RunClass</IdeaActionID>
          <ShortCut>'⌃⇧R'</ShortCut>
          <Description>Run 'Tests in 'java''</Description>
          <Count>2</Count>
        </Item>
      </Statistic>
      <Statistic Action="Run 'Tests in 'ringapp''">
        <Item>
          <IdeaActionID>RunClass</IdeaActionID>
          <ShortCut>'⌃⇧R'</ShortCut>
          <Description>Run 'Tests in 'ringapp''</Description>
          <Count>1</Count>
        </Item>
      </Statistic>
      <Statistic Action="Run 'Tests in 'secure''">
        <Item>
          <IdeaActionID>RunClass</IdeaActionID>
          <ShortCut>'⌃⇧R'</ShortCut>
          <Description>Run 'Tests in 'secure''</Description>
          <Count>4</Count>
        </Item>
      </Statistic>
      <Statistic Action="Run 'app'">
        <Item>
          <IdeaActionID>Run</IdeaActionID>
          <ShortCut>'⇧⌘X' or '⌃R'</ShortCut>
          <Description>Run 'app'</Description>
          <Count>17</Count>
        </Item>
      </Statistic>
      <Statistic Action="Run 'changeMode_commitF...()'">
        <Item>
          <IdeaActionID>RunClass</IdeaActionID>
          <ShortCut>'⌃⇧R'</ShortCut>
          <Description>Run 'changeMode_commitF...()'</Description>
          <Count>1</Count>
        </Item>
      </Statistic>
      <Statistic Action="Run 'duress thing()'">
        <Item>
          <IdeaActionID>RunClass</IdeaActionID>
          <ShortCut>'⌃⇧R'</ShortCut>
          <Description>Run 'duress thing()'</Description>
          <Count>57</Count>
        </Item>
      </Statistic>
      <Statistic Action="Run 'fire dispatch atte...()'">
        <Item>
          <IdeaActionID>RunClass</IdeaActionID>
          <ShortCut>'⌃⇧R'</ShortCut>
          <Description>Run 'fire dispatch atte...()'</Description>
          <Count>4</Count>
        </Item>
      </Statistic>
      <Statistic Action="Run 'formatting display...()'">
        <Item>
          <IdeaActionID>RunClass</IdeaActionID>
          <ShortCut>'⌃⇧R'</ShortCut>
          <Description>Run 'formatting display...()'</Description>
          <Count>2</Count>
        </Item>
      </Statistic>
      <Statistic Action="Run 'get monitoring acc...()'">
        <Item>
          <IdeaActionID>RunClass</IdeaActionID>
          <ShortCut>'⌃⇧R'</ShortCut>
          <Description>Run 'get monitoring acc...()'</Description>
          <Count>3</Count>
        </Item>
      </Statistic>
      <Statistic Action="Run 'initial state is m...()'">
        <Item>
          <IdeaActionID>RunClass</IdeaActionID>
          <ShortCut>'⌃⇧R'</ShortCut>
          <Description>Run 'initial state is m...()'</Description>
          <Count>5</Count>
        </Item>
      </Statistic>
      <Statistic Action="Run 'refresh shows pend...()'">
        <Item>
          <IdeaActionID>RunClass</IdeaActionID>
          <ShortCut>'⌃⇧R'</ShortCut>
          <Description>Run 'refresh shows pend...()'</Description>
          <Count>1</Count>
        </Item>
      </Statistic>
      <Statistic Action="Run 'resume_disallowTwo...()'">
        <Item>
          <IdeaActionID>RunClass</IdeaActionID>
          <ShortCut>'⌃⇧R'</ShortCut>
          <Description>Run 'resume_disallowTwo...()'</Description>
          <Count>4</Count>
        </Item>
      </Statistic>
      <Statistic Action="Run 'retrieve data is s...()'">
        <Item>
          <IdeaActionID>RunClass</IdeaActionID>
          <ShortCut>'⌃⇧R'</ShortCut>
          <Description>Run 'retrieve data is s...()'</Description>
          <Count>1</Count>
        </Item>
      </Statistic>
      <Statistic Action="Run 'secure in RingAndroid'">
        <Item>
          <IdeaActionID>Run</IdeaActionID>
          <ShortCut>'⇧⌘X' or '⌃R'</ShortCut>
          <Description>Run 'secure in RingAndroid'</Description>
          <Count>1</Count>
        </Item>
      </Statistic>
      <Statistic Action="Run 'switching from a d...()'">
        <Item>
          <IdeaActionID>RunClass</IdeaActionID>
          <ShortCut>'⌃⇧R'</ShortCut>
          <Description>Run 'switching from a d...()'</Description>
          <Count>1</Count>
        </Item>
      </Statistic>
      <Statistic Action="Run 'test()'">
        <Item>
          <IdeaActionID>RunClass</IdeaActionID>
          <ShortCut>'⌃⇧R'</ShortCut>
          <Description>Run 'test()'</Description>
          <Count>3</Count>
        </Item>
      </Statistic>
      <Statistic Action="Safe Delete...">
        <Item>
          <IdeaActionID>SafeDelete</IdeaActionID>
          <ShortCut>'⌘⌦'</ShortCut>
          <Description>Safe Delete...</Description>
          <Count>1</Count>
        </Item>
      </Statistic>
      <Statistic Action="Save All">
        <Item>
          <IdeaActionID>SaveAll</IdeaActionID>
          <ShortCut>'⌘S'</ShortCut>
          <Description>Save All</Description>
          <Count>1</Count>
        </Item>
      </Statistic>
      <Statistic Action="Set Value...">
        <Item>
          <IdeaActionID>XDebugger.SetValue</IdeaActionID>
          <ShortCut>'F2'</ShortCut>
          <Description>Set Value...</Description>
          <Count>1</Count>
        </Item>
      </Statistic>
      <Statistic Action="Show All Affected Files">
        <Item>
          <IdeaActionID>Vcs.Log.ShowAllAffected</IdeaActionID>
          <ShortCut>'⌃⌘A'</ShortCut>
          <Description>Show All Affected Files</Description>
          <Count>1</Count>
        </Item>
      </Statistic>
      <Statistic Action="Step Into">
        <Item>
          <IdeaActionID>StepInto</IdeaActionID>
          <ShortCut>'F7'</ShortCut>
          <Description>Step Into</Description>
          <Count>15</Count>
        </Item>
      </Statistic>
      <Statistic Action="Step Over">
        <Item>
          <IdeaActionID>StepOver</IdeaActionID>
          <ShortCut>'F8'</ShortCut>
          <Description>Step Over</Description>
          <Count>40</Count>
        </Item>
      </Statistic>
      <Statistic Action="Stop 'AcceleratedAlarmViewModelTest'">
        <Item>
          <IdeaActionID>Stop</IdeaActionID>
          <ShortCut>'⌘F2'</ShortCut>
          <Description>Stop 'AcceleratedAlarmViewModelTest'</Description>
          <Count>7</Count>
        </Item>
      </Statistic>
      <Statistic Action="Stop 'AcceleratedAlarmViewModelTest.fire dispatch attempted after fire countdown finishes'">
        <Item>
          <IdeaActionID>Stop</IdeaActionID>
          <ShortCut>'⌘F2'</ShortCut>
          <Description>Stop 'AcceleratedAlarmViewModelTest.fire dispatch attempted after fire countdown finishes'</Description>
          <Count>2</Count>
        </Item>
      </Statistic>
      <Statistic Action="Stop 'AedBottomSheetViewModelTest.formatting display date'">
        <Item>
          <IdeaActionID>Stop</IdeaActionID>
          <ShortCut>'⌘F2'</ShortCut>
          <Description>Stop 'AedBottomSheetViewModelTest.formatting display date'</Description>
          <Count>2</Count>
        </Item>
      </Statistic>
      <Statistic Action="Stop 'AedBottomSheetViewModelTest.retrieve data is successful with professional monitoring'">
        <Item>
          <IdeaActionID>Stop</IdeaActionID>
          <ShortCut>'⌘F2'</ShortCut>
          <Description>Stop 'AedBottomSheetViewModelTest.retrieve data is successful with professional monitoring'</Description>
          <Count>1</Count>
        </Item>
      </Statistic>
      <Statistic Action="Stop 'Android Debugger (8600)'">
        <Item>
          <IdeaActionID>Stop</IdeaActionID>
          <ShortCut>'⌘F2'</ShortCut>
          <Description>Stop 'Android Debugger (8600)'</Description>
          <Count>30</Count>
        </Item>
      </Statistic>
      <Statistic Action="Stop 'Android Debugger (8601)'">
        <Item>
          <IdeaActionID>Stop</IdeaActionID>
          <ShortCut>'⌘F2'</ShortCut>
          <Description>Stop 'Android Debugger (8601)'</Description>
          <Count>2</Count>
        </Item>
      </Statistic>
      <Statistic Action="Stop 'Android Debugger (8602)'">
        <Item>
          <IdeaActionID>Stop</IdeaActionID>
          <ShortCut>'⌘F2'</ShortCut>
          <Description>Stop 'Android Debugger (8602)'</Description>
          <Count>6</Count>
        </Item>
      </Statistic>
      <Statistic Action="Stop 'Android Debugger (8603)'">
        <Item>
          <IdeaActionID>Stop</IdeaActionID>
          <ShortCut>'⌘F2'</ShortCut>
          <Description>Stop 'Android Debugger (8603)'</Description>
          <Count>3</Count>
        </Item>
      </Statistic>
      <Statistic Action="Stop 'Android Debugger (8604)'">
        <Item>
          <IdeaActionID>Stop</IdeaActionID>
          <ShortCut>'⌘F2'</ShortCut>
          <Description>Stop 'Android Debugger (8604)'</Description>
          <Count>1</Count>
        </Item>
      </Statistic>
      <Statistic Action="Stop 'Android Debugger (8605)'">
        <Item>
          <IdeaActionID>Stop</IdeaActionID>
          <ShortCut>'⌘F2'</ShortCut>
          <Description>Stop 'Android Debugger (8605)'</Description>
          <Count>1</Count>
        </Item>
      </Statistic>
      <Statistic Action="Stop 'Android Debugger (8611)'">
        <Item>
          <IdeaActionID>Stop</IdeaActionID>
          <ShortCut>'⌘F2'</ShortCut>
          <Description>Stop 'Android Debugger (8611)'</Description>
          <Count>1</Count>
        </Item>
      </Statistic>
      <Statistic Action="Stop 'Android Debugger (8612)'">
        <Item>
          <IdeaActionID>Stop</IdeaActionID>
          <ShortCut>'⌘F2'</ShortCut>
          <Description>Stop 'Android Debugger (8612)'</Description>
          <Count>1</Count>
        </Item>
      </Statistic>
      <Statistic Action="Stop 'Android Debugger (8614)'">
        <Item>
          <IdeaActionID>Stop</IdeaActionID>
          <ShortCut>'⌘F2'</ShortCut>
          <Description>Stop 'Android Debugger (8614)'</Description>
          <Count>1</Count>
        </Item>
      </Statistic>
      <Statistic Action="Stop 'AssetDeviceServiceV2Test.duress thing'">
        <Item>
          <IdeaActionID>Stop</IdeaActionID>
          <ShortCut>'⌘F2'</ShortCut>
          <Description>Stop 'AssetDeviceServiceV2Test.duress thing'</Description>
          <Count>5</Count>
        </Item>
      </Statistic>
      <Statistic Action="Stop 'RingAlarmModesPanelOnlineViewModelTest.test'">
        <Item>
          <IdeaActionID>Stop</IdeaActionID>
          <ShortCut>'⌘F2'</ShortCut>
          <Description>Stop 'RingAlarmModesPanelOnlineViewModelTest.test'</Description>
          <Count>1</Count>
        </Item>
      </Statistic>
      <Statistic Action="Stop 'RingAndroid'">
        <Item>
          <IdeaActionID>Stop</IdeaActionID>
          <ShortCut>'⌘F2'</ShortCut>
          <Description>Stop 'RingAndroid'</Description>
          <Count>2</Count>
        </Item>
      </Statistic>
      <Statistic Action="Stop...">
        <Item>
          <IdeaActionID>Stop</IdeaActionID>
          <ShortCut>'⌘F2'</ShortCut>
          <Description>Stop...</Description>
          <Count>21</Count>
        </Item>
      </Statistic>
      <Statistic Action="Structure">
        <Item>
          <IdeaActionID>ActivateStructureToolWindow</IdeaActionID>
          <ShortCut>'⌘7'</ShortCut>
          <Description>Structure</Description>
          <Count>1</Count>
        </Item>
      </Statistic>
      <Statistic Action="Terminal">
        <Item>
          <IdeaActionID>ActivateTerminalToolWindow</IdeaActionID>
          <ShortCut>'⌥F12'</ShortCut>
          <Description>Terminal</Description>
          <Count>4</Count>
        </Item>
      </Statistic>
      <Statistic Action="Toggle bold mode">
        <Item>
          <IdeaActionID>MarkdownNavigator.ToggleBold</IdeaActionID>
          <ShortCut>'⌃B'</ShortCut>
          <Description>Toggle bold mode</Description>
          <Count>3</Count>
        </Item>
      </Statistic>
      <Statistic Action="Toggle italic mode">
        <Item>
          <IdeaActionID>MarkdownNavigator.ToggleItalic</IdeaActionID>
          <ShortCut>'⌃I'</ShortCut>
          <Description>Toggle italic mode</Description>
          <Count>1</Count>
        </Item>
      </Statistic>
      <Statistic Action="Version Control">
        <Item>
          <IdeaActionID>ActivateVersionControlToolWindow</IdeaActionID>
          <ShortCut>'⌘9' or '⇧⌘9'</ShortCut>
          <Description>Version Control</Description>
          <Count>6</Count>
        </Item>
      </Statistic>
      <Statistic Action="View Breakpoints...">
        <Item>
          <IdeaActionID>ViewBreakpoints</IdeaActionID>
          <ShortCut>'⇧⌘F8'</ShortCut>
          <Description>View Breakpoints...</Description>
          <Count>16</Count>
        </Item>
      </Statistic>
      <Statistic Action="Zoom In">
        <Item>
          <IdeaActionID>Images.Editor.ZoomIn</IdeaActionID>
          <ShortCut>'⌘+' or '⌘='</ShortCut>
          <Description>Zoom In</Description>
          <Count>5</Count>
        </Item>
      </Statistic>
      <Statistic Action="Zoom Out">
        <Item>
          <IdeaActionID>Images.Editor.ZoomOut</IdeaActionID>
          <ShortCut>'⌘-' or '⌘-'</ShortCut>
          <Description>Zoom Out</Description>
          <Count>6</Count>
        </Item>
      </Statistic>
    </option>
    <option name="suppressed">
      <Statistic Action="Declaration">
        <Item>
          <IdeaActionID>GotoDeclaration</IdeaActionID>
          <ShortCut>'⌘B' or '⌘Button1 Click' or 'Button2 Click'</ShortCut>
          <Description>Declaration</Description>
          <Count>526</Count>
        </Item>
      </Statistic>
      <Statistic Action="Run 'RingAndroid'">
        <Item>
          <IdeaActionID>Run</IdeaActionID>
          <ShortCut>'⌃R'</ShortCut>
          <Description>Run 'RingAndroid'</Description>
          <Count>24</Count>
        </Item>
      </Statistic>
      <Statistic Action="Toggle Line Breakpoint">
        <Item>
          <IdeaActionID>ToggleLineBreakpoint</IdeaActionID>
          <ShortCut>'⌘F8'</ShortCut>
          <Description>Toggle Line Breakpoint</Description>
          <Count>738</Count>
        </Item>
      </Statistic>
    </option>
  </component>
</application>