<application>
  <component name="UpdatesConfigurable">
    <enabledExternalComponentSources>
      <item value="Android SDK" />
    </enabledExternalComponentSources>
    <option name="externalUpdateChannels">
      <map>
        <entry key="Android SDK" value="Stable Channel" />
      </map>
    </option>
    <ignoredBuildNumbers>
      <item value="emulator#28.0.25" />
      <item value="platform-tools#28.0.2" />
      <item value="platforms;android-Q#2" />
      <item value="system-images;android-28;google_apis;x86#8" />
      <item value="system-images;android-28;google_apis_playstore;x86#8" />
      <item value="system-images;android-Q;google_apis_playstore;x86_64#3" />
    </ignoredBuildNumbers>
    <knownExternalComponentSources>
      <item value="Android SDK" />
    </knownExternalComponentSources>
    <option name="LAST_BUILD_CHECKED" value="AI-183.5429.30.34.5452501" />
    <option name="LAST_TIME_CHECKED" value="1559849817398" />
    <option name="THIRD_PARTY_PLUGINS_ALLOWED" value="true" />
  </component>
</application>