<keymap version="1" name="Mac OS X 10.5+ copy" parent="Mac OS X 10.5+">
  <action id="CopyElement" />
  <action id="EditorDuplicateLines">
    <keyboard-shortcut first-keystroke="meta alt down" />
  </action>
  <action id="FileStructurePopup">
    <keyboard-shortcut first-keystroke="meta f12" />
    <keyboard-shortcut first-keystroke="shift meta o" />
  </action>
  <action id="GotoFile" />
  <action id="Move" />
  <action id="NextOccurence" />
  <action id="RenameElement">
    <keyboard-shortcut first-keystroke="shift f6" />
    <keyboard-shortcut first-keystroke="shift meta r" />
  </action>
  <action id="ReplaceInPath" />
  <action id="Resume">
    <keyboard-shortcut first-keystroke="meta alt r" />
    <keyboard-shortcut first-keystroke="f9" />
    <keyboard-shortcut first-keystroke="f8" />
  </action>
  <action id="Run">
    <keyboard-shortcut first-keystroke="shift meta x" />
    <keyboard-shortcut first-keystroke="ctrl r" />
  </action>
  <action id="StepInto">
    <keyboard-shortcut first-keystroke="f7" />
    <keyboard-shortcut first-keystroke="f5" />
  </action>
  <action id="StepOver">
    <keyboard-shortcut first-keystroke="f6" />
  </action>
</keymap>